{"very_young": [[493287], 0.07931229141386849], "university": [[711590], 0.11441175917304668], "work": [[749246, 673163, 613704, 539925, 477123, 468097, 435209, 352709], 0.692843360286503], "elderly": [[260464, 183141, 119787, 142108], 0.11343258912658193], "adults": [4, 5, 6, 7, 8, 9, 10, 11, 12, 13, 14, 15, 16], "community": [[493287, 711590, 749246, 673163, 613704, 539925, 477123, 468097, 435209, 352709, 260464, 183141, 119787, 142108], 1.0], "total_pop": 6219553}