{"layer": ["schools", "adults", "elders"], "RecPeriod": [3.4474289566430567, 3.199665313607661, 3.5877699639670877], "R0": [2.341839924665767, 2.4098569613929888, 2.404539370553576]}