{"preschool": [[5], 0.2777777777777778], "primary": [[6], 0.3333333333333333], "highschool": [[7], 0.3888888888888889], "total": 18}